﻿{"missingData":{"section":"Processes","timestamp":"2026-02-05T20:17:27.4109287-05:00","item":"ProcessList","reason":"Get-Process, CIM et tasklist ont echoue"},"scoreV2":{"score":99,"grade":"A","breakdown":{"excludedLimitations":0,"infoIssues":0,"warnings":1,"timeouts":0,"critical":0,"collectorErrors":0},"totalPenalty":1,"baseScore":100,"topPenalties":{}},"metadata":{"durationSeconds":52.16,"runId":"1cd1d7ef-d355-4d33-bed1-7bec1635258a","monitorSeconds":3,"redactLevel":"Full","version":"7.0","partialFailure":false,"isAdmin":true,"timestamp":"2026-02-05T20:17:55.2876121-05:00","quickScan":false},"findings":{},"errors":{"exceptionType":null,"message":"Unknown error","code":"WMI_ERROR","section":null},"sections":{"EnvironmentVariables":{"summary":null,"status":"OK","data":{"variables":{"OS":"ENV-7d33ba","PROCESSOR_ARCHITECTURE":"ENV-558b62","PROCESSOR_REVISION":"ENV-4f5131","PROCESSOR_IDENTIFIER":"ENV-bd12fc","NUMBER_OF_PROCESSORS":"ENV-c23560","C:\\ffmpeg\\bin":"ENV-a6e4f6","ComSpec":"ENV-56a79d","PROCESSOR_LEVEL":"ENV-b7a568","DriverData":"ENV-3ce668","GameFirstUserPath":"ENV-f3c797","ChocolateyInstall":"ENV-dcf622","ACSvcPort":"ENV-f7c79f","DEVMGR_SHOW_NONPRESENT_DEVICES":"ENV-6b86b2","PSModulePath":"ENV-12e839","ACSetupSvcPort":"ENV-373fe4","PATHEXT":"ENV-50036f","PT8HOME":"ENV-a4bfd3","Path":"ENV-c2822b","asl.log":"ENV-56040e","GameFirst":"ENV-ab8901"}}},"Network":{"summary":null,"status":"OK","data":{"adapters":[{"dhcp":false,"ip":["192.168.x.x","fe80::xxxx"],"gateway":{},"mac":"00:50:56:XX:XX:XX","name":"VMware Virtual Ethernet Adapter for VMnet8","dns":{}},{"dhcp":true,"ip":["192.168.x.x","fe80::xxxx"],"gateway":{},"mac":"00:50:56:XX:XX:XX","name":"VMware Virtual Ethernet Adapter for VMnet1","dns":{}},{"dhcp":false,"ip":["192.168.x.x","fe80::xxxx"],"gateway":{},"mac":"0A:00:27:XX:XX:XX","name":"VirtualBox Host-Only Ethernet Adapter","dns":{}},{"dhcp":false,"ip":["172.x.x.x","fe80::xxxx"],"gateway":{},"mac":"00:50:56:XX:XX:XX","name":"VMware Virtual Ethernet Adapter for VMnet3","dns":{}},{"dhcp":false,"ip":["172.x.x.x","fe80::xxxx"],"gateway":{},"mac":"00:50:56:XX:XX:XX","name":"VMware Virtual Ethernet Adapter for VMnet2","dns":{}},{"dhcp":false,"ip":["192.168.x.x","fe80::xxxx"],"gateway":{},"mac":"00:50:56:XX:XX:XX","name":"VMware Virtual Ethernet Adapter for VMnet4","dns":{}},{"dhcp":false,"ip":["10.x.x.x","fe80::xxxx"],"gateway":{},"mac":"00:50:56:XX:XX:XX","name":"VMware Virtual Ethernet Adapter for VMnet5","dns":{}},{"dhcp":true,"ip":["192.168.x.x","fe80::xxxx"],"gateway":"192.168.x.x","mac":"48:45:E6:XX:XX:XX","name":"RZ616 Wi-Fi 6E 160MHz","dns":["192.168.2.1","207.164.234.193"]}],"totalConnections":114,"adapterCount":8,"listeningPorts":35}},"DynamicSignals":{"summary":null,"status":"OK","data":{"cpu":{"source":"WMI-Fallback","average":"5","min":"5","sampleCount":1,"max":"5"},"disk":{"queueLength":"0","source":"WMI-Fallback","diskTimePercent":"0","sampleCount":0},"topCpu":[{"name":"dwm","cpuSeconds":2347.859375},{"name":"System","cpuSeconds":1820.734375},{"name":"RazerAppEngine","cpuSeconds":1665.59375},{"name":"MsMpEng","cpuSeconds":889.40625},{"name":"svchost","cpuSeconds":786.625}],"memory":{"pageFaultsPerSec":0,"source":"WMI-Fallback","usedPercent":21.27,"availableMB":77334.99,"sampleCount":0},"samplesCollected":"3","topMemory":[{"name":"Cursor","memoryMB":845.43},{"name":"explorer","memoryMB":701.83},{"name":"chrome","memoryMB":585.68},{"name":"chrome","memoryMB":467.72},{"name":"chrome","memoryMB":462.21}],"network":{"throughputMbps":"58.32","errors":0,"adapter":"Wi-Fi 4"},"monitorDuration":3}},"ReliabilityHistory":{"summary":null,"status":"OK","data":{"appCrashes":3,"eventCount":20}},"TempFiles":{"summary":null,"status":"OK","data":{"totalBytes":3130857716,"locations":{"Temp User":2996310133,"Temp Windows":134547583}}},"PerformanceCounters":{"summary":null,"status":"OK","data":{"diskQueueLengthSource":"WMI_Fallback","diskQueueLength":"0"}},"Temperatures":{"summary":null,"status":"OK","data":{"gpuTempC":null,"lhmAvailable":false,"cpuNote":"Non disponible (WMI non supporte ou admin requis)","gpuNote":"Non disponible (limitation WMI - collecte externalisee)","disks":[{"serial":"SERIAL-XXXX","source":"SMART","model":"VendorCo ProductCode USB Device","tempC":null},{"serial":"SERIAL-XXXX","source":"SMART","model":"Micron_2210_MTFDHBA1T0QFD","tempC":null},{"serial":"SERIAL-XXXX","source":"SMART","model":"Micron CT2000X9PROSSD9 SCSI Disk Device","tempC":null},{"serial":"SERIAL-XXXX","source":"SMART","model":"Samsung SSD 990 PRO with Heatsink 2TB","tempC":null},{"serial":"SERIAL-XXXX","source":"SMART","model":"TOSHIBA DT01ACA200","tempC":null}],"gpuSource":"Neutralise_v7","cpuTempC":null,"cpuSource":"Non disponible (WMI non supporte ou admin requis)"}},"StartupPrograms":{"summary":null,"status":"OK","data":{"startupCount":10,"startupItems":[{"name":"SecurityHealth","scope":"Machine"},{"name":"RtkAudUService","scope":"Machine"},{"name":"iTunesHelper","scope":"Machine"},{"name":"RazerAppEngine","scope":"User"},{"name":"OneDrive","scope":"User"},{"name":"Microsoft.Lists","scope":"User"},{"name":"Opera Stable","scope":"User"},{"name":"MicrosoftEdgeAutoLaunch_D801085E5D62121DE9A9830D0353FFAD","scope":"User"},{"name":"Teams","scope":"User"},{"name":"ut","scope":"User"}]}},"SystemIntegrity":{"summary":null,"status":"OK","data":{"cbsPending":false}},"AdvancedAnalysis":{"summary":null,"status":"OK","data":{"malware":{"count":11,"threats":[{"name":"PUA:Win32/PCClean","severity":1},{"name":"PUA:Win32/Vigua.A","severity":1},{"name":"PUA:Win32/Presenoker","severity":1},{"name":"PUA:Win32/GameHack","severity":1},{"name":"PUA:Win32/Packunwan","severity":1},{"name":"PUABundler:Win32/FileZilla_BundleInstaller","severity":1},{"name":"PUABundler:Win32/Rostpay","severity":1},{"name":"PUABundler:Win32/uTorrent_BundleInstaller","severity":1},{"name":"PUADlManager:Win32/OfferCore","severity":1},{"name":"PUABundler:Win32/IOBitBundler","severity":1},{"name":"VulnerableDriver:WinNT/Winring0","severity":5}]},"benchmarks":{"cpu":9.5,"memory":9.5,"disk":8.6,"lastRun":"2025-12-01T16:40:28.1831290-05:00","graphics":9.1},"fragmentation":{"C":2,"E":0,"D":0,"H":-1}}},"ScheduledTasks":{"summary":null,"status":"OK","data":{"totalTasks":293,"readyTasks":234}},"HealthChecks":{"summary":null,"status":"OK","data":{"rebootReasons":{},"rebootRequired":false}},"RestorePoints":{"summary":null,"status":"OK","data":{"restorePointCount":-1}},"OS":{"summary":null,"status":"OK","data":{"caption":"Microsoft Windows 11 Famille","displayVersion":"25H2","architecture":"64 bits","licensePartialKey":"KEY-XXXX","licenseStatus":"Active"}},"MinidumpAnalysis":{"summary":null,"status":"OK","data":{"minidumpCount":0}},"EventLogs":{"summary":null,"status":"OK","data":{"logs":{"System":{"criticalCount":0,"errorCount":50},"Application":{"criticalCount":0,"errorCount":50}},"bsodCount":0}},"Memory":{"summary":null,"status":"OK","data":{"freeGB":75.95,"totalGB":95.93,"moduleCount":4,"usedPercent":20.8,"modules":[{"speedMHz":3200,"capacityGB":"32","type":"DDR4","slot":"DIMM 0"},{"speedMHz":3200,"capacityGB":"16","type":"DDR4","slot":"DIMM 1"},{"speedMHz":3200,"capacityGB":"32","type":"DDR4","slot":"DIMM 0"},{"speedMHz":3200,"capacityGB":"16","type":"DDR4","slot":"DIMM 1"}]}},"NetworkLatency":{"summary":null,"status":"OK","data":{"ping":[{"skipped":true,"latencyMs":-1,"target":"8.8.8.8","success":false},{"skipped":true,"latencyMs":-1,"target":"1.1.1.1","success":false}],"dns":[{"target":"google.com","skipped":true,"resolutionMs":-1,"success":false},{"target":"microsoft.com","skipped":true,"resolutionMs":-1,"success":false}]}},"WindowsUpdate":{"summary":null,"status":"OK","data":{"cached":false,"pendingCount":4}},"Battery":{"summary":null,"status":"OK","data":{"present":false}},"Services":{"summary":null,"status":"OK","data":{"runningServices":131,"criticalServices":[{"status":"Stopped","name":"wuauserv","displayName":"Windows Update"},{"status":"Running","name":"WinDefend","displayName":"Service antivirus Microsoft Defender"},{"status":"Running","name":"mpssvc","displayName":"Pare-feu Windows Defender"},{"status":"Running","name":"EventLog","displayName":"Journal d’événements Windows"},{"status":"Running","name":"CryptSvc","displayName":"Services de chiffrement"}],"totalServices":310}},"Storage":{"summary":null,"status":"OK","data":{"physicalDiskCount":5,"volumeCount":4,"volumes":[{"freeGB":368.71,"totalGB":952.65,"usedPercent":61.3,"letter":"C:"},{"freeGB":1094.89,"totalGB":1863.02,"usedPercent":41.2,"letter":"D:"},{"freeGB":1493.33,"totalGB":1862.17,"usedPercent":19.8,"letter":"E:"},{"freeGB":696.01,"totalGB":1862.88,"usedPercent":62.6,"letter":"H:"}],"physicalDisks":[{"type":"HDD","sizeGB":29.29,"model":"VendorCo ProductCode USB Device","interface":"USB","status":"OK","serial":"SERIAL-XXXX"},{"type":"HDD","sizeGB":953.86,"model":"Micron_2210_MTFDHBA1T0QFD","interface":"SCSI","status":"OK","serial":"SERIAL-XXXX"},{"type":"SSD","sizeGB":1863.01,"model":"Micron CT2000X9PROSSD9 SCSI Disk Device","interface":"SCSI","status":"OK","serial":"SERIAL-XXXX"},{"type":"SSD","sizeGB":1863.01,"model":"Samsung SSD 990 PRO with Heatsink 2TB","interface":"SCSI","status":"OK","serial":"SERIAL-XXXX"},{"type":"HDD","sizeGB":1863.01,"model":"TOSHIBA DT01ACA200","interface":"IDE","status":"OK","serial":"SERIAL-XXXX"}],"smart":{"predictFailure":false,"instanceName":"SCSI\\Disk\u0026Ven_TOSHIBA\u0026Prod_DT01ACA200\\5\u0026221baba8\u00260\u0026020000_0"}}},"Registry":{"summary":null,"status":"OK","data":{"note":"Keys checked in other collectors"}},"Processes":{"summary":null,"status":"OK","data":{"source":"none","topMemory":{}}},"UserProfiles":{"summary":null,"status":"OK","data":{"profileCount":2,"profiles":[{"path":"%USERPROFILE%"},{"path":"%USERPROFILE%"}]}},"CPU":{"summary":null,"status":"OK","data":{"cpus":{"threads":24,"maxClockSpeed":3701,"name":"AMD Ryzen 9 5900X 12-Core Processor            ","cores":12,"currentLoad":8},"cpuCount":1}},"Audio":{"summary":null,"status":"OK","data":{"deviceCount":4,"devices":[{"name":"Realtek High Definition Audio","status":"OK"},{"name":"NVIDIA High Definition Audio","status":"OK"},{"name":"NVIDIA Virtual Audio Device (Wave Extensible) (WDM)","status":"OK"},{"name":"Périphérique audio USB","status":"OK"}]}},"PowerSettings":{"summary":null,"status":"OK","data":{"activePlan":"Performances élevées","fastStartup":1,"source":"powercfg"}},"SmartDetails":{"summary":null,"status":"OK","data":{"diskCount":1,"skippedUsbCount":0,"disks":{"reallocationEvents":0,"powerOnHours":23036,"uncorrectableSectors":0,"instanceName":"SCSI\\Disk\u0026Ven_TOSHIBA\u0026Prod_DT01ACA200\\5\u0026221baba8\u00260\u0026020000_0","reallocatedSectors":0,"predictFailure":false,"pendingSectors":0,"temperature":34}}},"Certificates":{"summary":null,"status":"OK","data":{"validCount":1,"expiredCount":0}},"Virtualization":{"summary":null,"status":"OK","data":{"isVM":false}},"MachineIdentity":{"summary":null,"status":"OK","data":{"uptimeDays":0,"biosSerial":"SERIAL-XXXX","manufacturer":"Micro-Star International Co., Ltd.","uptimeHours":12,"username":"USER-cd9bc0","secureBoot":false,"osCaption":"Microsoft Windows 11 Famille","osBuild":"26200","model":"MS-7C95","tpmVersion":"2.0, 0, 1.38","domain":"DESKTOP-LAKVT49","osVersion":"10.0.26200","computerName":"PC-52391b","biosVersion":"2.O1","tpmPresent":true,"lastBoot":"2026-02-05T07:29:14.5000000-05:00"}},"GPU":{"summary":null,"status":"OK","data":{"gpuList":{"vramTotalMB":null,"resolution":"3840x2160","driverVersion":"32.0.15.9174","driverDate":{"DayOfYear":363,"Hour":19,"Month":12,"Millisecond":0,"Year":2025,"DayOfWeek":{"value__":1},"Day":29,"Ticks":639026316000000000,"Kind":{"value__":2},"DateTime":"29 décembre 2025 19:00:00","TimeOfDay":{"TotalMinutes":1140,"Seconds":0,"TotalDays":0.79166666666666663,"Ticks":684000000000,"Milliseconds":0,"Hours":19,"TotalSeconds":68400,"Minutes":0,"TotalHours":19,"Days":0,"TotalMilliseconds":68400000},"Second":0,"Date":{"DayOfYear":363,"Hour":0,"Month":12,"Millisecond":0,"Year":2025,"DayOfWeek":{"value__":1},"Day":29,"Ticks":639025632000000000,"Kind":{"value__":2},"DateTime":"29 décembre 2025 00:00:00","TimeOfDay":{"TotalMinutes":0,"Seconds":0,"TotalDays":0,"Ticks":0,"Milliseconds":0,"Hours":0,"TotalSeconds":0,"Minutes":0,"TotalHours":0,"Days":0,"TotalMilliseconds":0},"Second":0,"Date":{"DayOfYear":363,"Hour":0,"Month":12,"Millisecond":0,"Year":2025,"DayOfWeek":{"value__":1},"Day":29,"Ticks":639025632000000000,"Kind":{"value__":2},"DateTime":"29 décembre 2025 00:00:00","TimeOfDay":{"TotalMinutes":0,"Seconds":0,"TotalDays":0,"Ticks":0,"Milliseconds":0,"Hours":0,"TotalSeconds":0,"Minutes":0,"TotalHours":0,"Days":0,"TotalMilliseconds":0},"Second":0,"Date":{"DayOfYear":363,"Hour":0,"Month":12,"Millisecond":0,"Year":2025,"DayOfWeek":{"value__":1},"Day":29,"Ticks":639025632000000000,"Kind":{"value__":2},"DateTime":"29 décembre 2025 00:00:00","TimeOfDay":{"TotalMinutes":0,"Seconds":0,"TotalDays":0,"Ticks":0,"Milliseconds":0,"Hours":0,"TotalSeconds":0,"Minutes":0,"TotalHours":0,"Days":0,"TotalMilliseconds":0},"Second":0,"Date":{"DayOfYear":363,"Hour":0,"Month":12,"Millisecond":0,"Year":2025,"DayOfWeek":{"value__":1},"Day":29,"Ticks":639025632000000000,"Kind":{"value__":2},"DateTime":"29 décembre 2025 00:00:00","TimeOfDay":{"TotalMinutes":0,"Seconds":0,"TotalDays":0,"Ticks":0,"Milliseconds":0,"Hours":0,"TotalSeconds":0,"Minutes":0,"TotalHours":0,"Days":0,"TotalMilliseconds":0},"Second":0,"Date":{"DayOfYear":363,"Hour":0,"Month":12,"Millisecond":0,"Year":2025,"DayOfWeek":"System.Collections.Hashtable","Day":29,"Ticks":639025632000000000,"Kind":"System.Collections.Hashtable","DateTime":"29 décembre 2025 00:00:00","TimeOfDay":"System.Collections.Hashtable","Second":0,"Date":"System.Collections.Hashtable","Minute":0},"Minute":0},"Minute":0},"Minute":0},"Minute":0},"Minute":0},"name":"NVIDIA GeForce RTX 3090","vramNote":"Non disponible (limitation WMI - collecte externalisee)","pnpDeviceId":"PNP-XXXX","status":"OK","vendor":"NVIDIA"},"gpuCount":1,"gpus":{"vramTotalMB":null,"resolution":"3840x2160","driverVersion":"32.0.15.9174","driverDate":{"DayOfYear":363,"Hour":19,"Month":12,"Millisecond":0,"Year":2025,"DayOfWeek":{"value__":1},"Day":29,"Ticks":639026316000000000,"Kind":{"value__":2},"DateTime":"29 décembre 2025 19:00:00","TimeOfDay":{"TotalMinutes":1140,"Seconds":0,"TotalDays":0.79166666666666663,"Ticks":684000000000,"Milliseconds":0,"Hours":19,"TotalSeconds":68400,"Minutes":0,"TotalHours":19,"Days":0,"TotalMilliseconds":68400000},"Second":0,"Date":{"DayOfYear":363,"Hour":0,"Month":12,"Millisecond":0,"Year":2025,"DayOfWeek":{"value__":1},"Day":29,"Ticks":639025632000000000,"Kind":{"value__":2},"DateTime":"29 décembre 2025 00:00:00","TimeOfDay":{"TotalMinutes":0,"Seconds":0,"TotalDays":0,"Ticks":0,"Milliseconds":0,"Hours":0,"TotalSeconds":0,"Minutes":0,"TotalHours":0,"Days":0,"TotalMilliseconds":0},"Second":0,"Date":{"DayOfYear":363,"Hour":0,"Month":12,"Millisecond":0,"Year":2025,"DayOfWeek":{"value__":1},"Day":29,"Ticks":639025632000000000,"Kind":{"value__":2},"DateTime":"29 décembre 2025 00:00:00","TimeOfDay":{"TotalMinutes":0,"Seconds":0,"TotalDays":0,"Ticks":0,"Milliseconds":0,"Hours":0,"TotalSeconds":0,"Minutes":0,"TotalHours":0,"Days":0,"TotalMilliseconds":0},"Second":0,"Date":{"DayOfYear":363,"Hour":0,"Month":12,"Millisecond":0,"Year":2025,"DayOfWeek":{"value__":1},"Day":29,"Ticks":639025632000000000,"Kind":{"value__":2},"DateTime":"29 décembre 2025 00:00:00","TimeOfDay":{"TotalMinutes":0,"Seconds":0,"TotalDays":0,"Ticks":0,"Milliseconds":0,"Hours":0,"TotalSeconds":0,"Minutes":0,"TotalHours":0,"Days":0,"TotalMilliseconds":0},"Second":0,"Date":{"DayOfYear":363,"Hour":0,"Month":12,"Millisecond":0,"Year":2025,"DayOfWeek":{"value__":1},"Day":29,"Ticks":639025632000000000,"Kind":{"value__":2},"DateTime":"29 décembre 2025 00:00:00","TimeOfDay":{"TotalMinutes":0,"Seconds":0,"TotalDays":0,"Ticks":0,"Milliseconds":0,"Hours":0,"TotalSeconds":0,"Minutes":0,"TotalHours":0,"Days":0,"TotalMilliseconds":0},"Second":0,"Date":{"DayOfYear":363,"Hour":0,"Month":12,"Millisecond":0,"Year":2025,"DayOfWeek":"System.Collections.Hashtable","Day":29,"Ticks":639025632000000000,"Kind":"System.Collections.Hashtable","DateTime":"29 décembre 2025 00:00:00","TimeOfDay":"System.Collections.Hashtable","Second":0,"Date":"System.Collections.Hashtable","Minute":0},"Minute":0},"Minute":0},"Minute":0},"Minute":0},"Minute":0},"name":"NVIDIA GeForce RTX 3090","vramNote":"Non disponible (limitation WMI - collecte externalisee)","pnpDeviceId":"PNP-XXXX","status":"OK","vendor":"NVIDIA"}}},"Security":{"summary":null,"status":"OK","data":{"antivirusProducts":"Windows Defender","uacEnabled":true,"defenderSignatureAge":0,"firewall":{"Private":{"value__":1},"Domain":{"value__":1},"Public":{"value__":1}},"defenderRTP":true,"defenderEnabled":true}},"DevicesDrivers":{"summary":null,"status":"OK","data":{"problemDeviceCount":9,"problemDevices":[{"status":"Unknown","name":"Contrôleur de jeu HID","class":"HIDClass"},{"status":"Unknown","name":"Home Hub 3000","class":"DigitalMediaDevices"},{"status":"Unknown","name":"Périphérique d’entrée USB","class":"HIDClass"},{"status":"Error","name":"VMware USB Device","class":"USB"},{"status":"Unknown","name":"SanDisk Cruzer Glide USB Device","class":"DiskDrive"},{"status":"Unknown","name":"Dispositif de stockage de masse USB","class":"USB"},{"status":"Unknown","name":"Volume","class":"Volume"},{"status":"Degraded","name":"AMDRyzenMaster Device","class":"System"},{"status":"Unknown","name":"Contrôleur XBOX 360 pour Windows","class":"XnaComposite"}]}},"Printers":{"summary":null,"status":"OK","data":{"printerCount":4,"printers":[{"default":false,"name":"OneNote (Desktop)"},{"default":false,"name":"Microsoft XPS Document Writer"},{"default":true,"name":"Microsoft Print to PDF"},{"default":false,"name":"Fax"}]}},"InstalledApplications":{"summary":null,"status":"OK","data":{"totalCount":87,"source":"Registry"}}},"paths":{"outputDir":"C:\\Users\\rams_\\AppData\\Local\\PCDiagnosticPro\\Rapports","txtPath":"C:\\Users\\rams_\\AppData\\Local\\PCDiagnosticPro\\Rapports\\Scan_1cd1d7ef-d355-4d33-bed1-7bec1635258a_20260205_201703.txt","jsonPath":"C:\\Users\\rams_\\AppData\\Local\\PCDiagnosticPro\\Rapports\\Scan_1cd1d7ef-d355-4d33-bed1-7bec1635258a_20260205_201703.json"}}